text,label
"Your SBI account will be blocked today. Update KYC now: http://sbi-kyc-update.xyz",1
"Dear customer, electricity will be disconnected tonight 9:30 PM. Call 98xxxxxxx immediately",1
"You won Rs 5000 cashback! Approve the collect request and enter UPI PIN to receive",1
"Part-time job, earn 3000/day, join Telegram: bit.ly/xxxx",1
"Aapka HDFC account suspend hone wala hai. Immediately verify identity at http://hdfc-verify-kyc.com",1
"Urgent: Your Bijli connection will be cut off by 10 PM. Contact Electricity Officer at 9123456789.",1
"Dear User, your Paytm KYC is expired. Click here to prevent account deactivation: http://paytm-kyc-fix.in",1
"Congratulations! Your mobile number won Rs 25,000 in KBC Lottery. Contact Whatsapp 9876543210",1
"Earn Rs 500-2000 daily by simply liking YouTube videos. No experience needed. DM on WhatsApp now!",1
"Your ICICI Credit Card points worth Rs 4,850 will expire today. Redeem now at http://icici-rewards-claim.top",1
"Dear customer, your TRAI mobile number connection will be disconnected within 2 hours. Press 1 to speak to executive.",1
"Aapke account se Rs 25000 deduct hone wale hain. Cancel karne ke liye iss link par click karein: http://cancel-txn-now.com",1
"Congratulation! Your loan of Rs 2,000,000 has been approved instantly. Zero document needed. Click http://easyloan-instant.site",1
"Urgent: Express Delivery package pending due to unpaid customs fee Rs 48. Pay immediately: http://indiapost-tracking-pay.info",1
"Sir your SBI YONO app is locked. Update PAN details to unlock immediately http://sbi-yono-pan.xyz",1
"Work from home opportunity! Watch videos and earn 5000 per day. No deposit required. Join t.me/fast_earn_india",1
"Dear connection holder, your BSES power bill is overdue. Power supply will be disconnected at 8:00 PM. Call 8900012345",1
"Aapka PhonePe cashback pending hai! Claim karne ke liye PIN daalein aur Rs 750 receive karein.",1
"Your Amazon Account has been compromised. Verify your login credentials here: http://amazon-security-alert.net",1
"Congratulations! Selected for Online Task Job. Daily payout Rs 3500 via UPI. Contact HR on WhatsApp: 9988776655",1
"Final Notice: Income Tax refund of Rs 15,400 approved. Update account details to receive refund: http://incometax-refund-gov.in.net",1
"Alert: Dear customer, your SIM card registration is incomplete. Call 9711223344 immediately to avoid blockage.",1
"Get iPhone 15 Pro for only Rs 9,999 under festive offer! Limited stock available. Buy now: http://cheap-store-india.shop",1
"Aapka Axis Bank account block kar diya gaya hai. Unblock karne ke liye 10 min me KYC update karein http://axis-kyc.top",1
"Dear user, your Google Pay reward scratch card of Rs 1,000 is waiting. Click link to deposit to bank: http://gpay-reward-claim.co",1
"URGENT: Traffic Challan Rs 2,000 pending against vehicle MH12AB1234. Pay within 1 hour to avoid court summons: http://echallan-pay-gov.com",1
"Work 1 hour daily and earn Rs 50,000 per month. Guaranteed income for housewives and students. WhatsApp us now!",1
"Dear SBI Customer, your internet banking access is disabled. Click here to reactive: http://sbi-netbank-fix.link",1
"You have received a Collect Request of Rs 4,999 from Merchant. Enter UPI PIN to complete transaction.",1
"Aapka Bijli Bill update nahi hua hai. Aaj raat power cut ho jayega. Call karein Electricity Officer 9000011122",1
"Dear customer, your credit limit has been increased to Rs 5,00,000. Activate instantly by clicking http://card-limit-boost.site",1
"Urgent update: India Post delivery failed due to wrong address. Update address and pay Rs 25 redelivery fee: http://post-india-track.top",1
"Congratulations! You are eligible for PM Mudra Loan of Rs 5 Lakh at 0% interest. Apply now: http://pm-loan-yojana.com",1
"Dear user, your Netflix subscription expired. Update credit card info to continue watching: http://netflix-update-billing.me",1
"Aapki Flipkart order delivery pending hai. Re-delivery scheduling ke liye Rs 15 pay karein: http://fk-delivery-reschedule.xyz",1
"Urgent: Police Case filed regarding cyber fraud on your mobile number. Call Inspector Sharma immediately at 9112233445",1
"Earn 10% daily return on Crypto Investment! Guaranteed profit without risk. Join Telegram group now t.me/crypto_king_india",1
"Dear Customer, your PNB account safety check required. Login here to avoid closure: http://pnb-secure-login.tech",1
"Alert: Rs 12,000 credited to your GPay. Accept request and type PIN to deposit funds into your bank account.",1
"Dear connection user, your Jio 5G upgrade request is pending. Complete verification now: http://jio-5g-upgrade.online",1
"Rs 500 debited from A/c XX1234 on 05-10. If not you, call bank helpline.",0
"Your OTP for login is 482910. Do not share it with anyone.",0
"Your Swiggy order is out for delivery.",0
"Dear Customer, your HDFC Bank Credit Card statement for Sep 2026 is generated. Total Due: Rs 4,320. Due Date: 15-Oct.",0
"Dear Customer, your electricity bill of Rs 1,450 for Oct 2026 is generated. Pay before 20-Oct to avoid late fee.",0
"Your OTP for transaction of Rs 1,200 at Amazon is 938472. Valid for 10 mins. Do not share OTP with anyone.",0
"Dear Resident, maintenance dues of Rs 2,500 for Oct 2026 are due by 10th Oct. Please pay via society portal.",0
"Your Zomato order #849201 has been delivered. Enjoy your meal!",0
"Rs 1,200 credited to your A/c XX5678 on 05-10-2026 by UPI/Ramesh Kumar. Ref No 428109384.",0
"Dear Customer, your ICICI Bank account balance as on 05-Oct-2026 is Rs 18,450.20.",0
"Your Uber ride is arriving in 3 mins. Driver: Suresh (MH12CD4567), OTP: 4123.",0
"Your order from Myntra #10928374 has been shipped and will be delivered by Thursday, 08 Oct.",0
"Dear SBI Customer, your Cheque No. 409123 for Rs 15,000 has been cleared on 05-Oct.",0
"Aapka Mobile Recharge of Rs 299 for 98xxxxxxxx was successful. Validity: 28 days.",0
"Your booking for Movie: Jawan at PVR Inox today 7:00 PM is confirmed. Booking ID: WX9281.",0
"Dear Customer, your Axis Bank Debit Card ending 8812 was used for Rs 450 at Starbucks.",0
"Your IndiGo flight 6E-204 from Delhi to Mumbai is on time. Gate No: 4, Boarding: 18:20.",0
"Your OTP to reset your NetBanking password is 740192. Never disclose it to bank officials.",0
"Aapka Swiggy Instamart order out for delivery hai. Delivery Executive: Rajesh (9876543210).",0
"Dear Customer, your Airtel Broadband bill of Rs 943 is due on 12-Oct-2026. Pay via Airtel Thanks App.",0
"Your appointment with Dr. Sharma at Apollo Hospital is scheduled for 06-Oct at 11:30 AM.",0
"Rs 2,000 withdrawn from ATM A/c XX9911 on 05-Oct at 14:15. Call helpline if not done by you.",0
"Dear Customer, your gas cylinder booking reference #884920 is confirmed. Delivery within 2 days.",0
"Your Amazon package with tracking ID 403928192 is arriving today by 8 PM.",0
"Dear Cardholder, statement for your SBI Card ending 4411 is ready. Total Amount Due: Rs 8,920.",0
"Your Jio Fiber plan will expire on 10-Oct-2026. Recharge now to enjoy uninterrupted service.",0
"Aapka Blinkit order deliver ho gaya hai. Feedback dene ke liye app open karein.",0
"Dear Customer, your auto-debit of Rs 500 for SIP in HDFC Mutual Fund was successful.",0
"Your OTP for Aadhaar verification is 654321. Do not share with anyone.",0
"Your BookMyShow ticket for Standup Comedy Show on 10-Oct is confirmed. Screen 2, Seats F11-F12.",0
"Dear Customer, your salary of Rs 65,000 credited to A/c XX4321 on 01-Oct-2026.",0
"Your Ola cab booking is confirmed. Driver details: Ramesh (MH14EF9876), PIN 8831.",0
"Dear Customer, your FASTag recharge of Rs 1,000 on Vehicle MH12XY9999 was successful.",0
"Your Zomato Gold membership has been renewed successfully. Valid till Oct 2027.",0
"Aapka electricity bill payment of Rs 2,100 receive ho gaya hai. Thank you - MSEDCL.",0
"Dear Customer, your FD maturity amount of Rs 1,05,000 credited to A/c XX1122.",0
"Your Flipkart order containing 'Wireless Earbuds' is out for delivery today.",0
"Dear Customer, your Demat account statement for Q2 2026 has been sent to your registered email.",0
"Your Courier from BlueDart (AWB: 99881122) is out for delivery.",0
"Rs 150 debited from Paytm Wallet for Metro Pass. Remaining balance: Rs 420.",0